Discipline,Titel,Beschrijving,Publicatiedatum,Publicatietijd
brandweer,p 2 blb-01 brandgerucht mora fregatweg maastricht 243231,Brandgerucht op Fregatweg in Maastricht,2023-12-01,01:25:25
brandweer,p 2 brt-01 luid/optisch alarm avenue concordia rotterdam 170931,Brandweer met gepaste spoed naar Avenue Concordia in Rotterdam,2023-12-01,01:21:20
brandweer,p 1 440220 steekpartij cafe janssen cafe janssen vismarktstraat breda,Steekpartij op Vismarktstraat in Breda,2023-12-01,01:18:04
brandweer,"p 1 bzb-01 voertuig te water a4 li 229,5 halsteren 201092 201531 201532 192210 203111 201551 192230",Voertuig te water op A4 in Halsteren,2023-12-01,01:00:07
brandweer,"p 1 440203 ongeval water a4 li 229,5 halsteren",Waterongeval op A4 in Halsteren,2023-12-01,01:00:07
brandweer,prio 2 afrit a4 li - roelofarendsveen 5 roelvn wegverkeer onder invloed,Brandweer met gepaste spoed naar A4 in Roelofarendsveen,2023-12-01,00:58:48
politie,2 ongeval wegvervoer materieel vaanweg rotterdam icnum 645977,Politie naar Vaanweg in Rotterdam voor Ongeval Wegvervoer Materieel,2023-12-01,01:41:57
brandweer,p 1 bob-01 br wegvervoer auto welpenstraat helmond 223231,Voertuigbrand op Welpenstraat in Helmond,2023-12-01,02:47:07
brandweer,p 1 bzb-01 oms br beheerssyst. thetford nijverheidsweg etten-leur 203431,Automatisch brandalarm op Nijverheidsweg in Etten-Leur,2023-12-01,02:37:26
brandweer,graag telefonisch contact rac,Brandweer  voor contact met meldkamer,2023-12-01,02:11:29
brandweer,p 2 bnh-01 ass. ambu afhijsen ijweg zwanenburg 123150 124030,Assistentie ambulance voor afhijsen patiënt op IJweg in Zwanenburg,2023-12-01,02:10:18
brandweer,p 1 bzb-01 oms handmelder stichting juvent buitenruststraat middelburg 194533,Automatisch brandalarm (handmelder) op Buitenruststraat in Middelburg,2023-12-01,02:05:24
brandweer,p 1 br woning nijhofflaan veenendaal 095531,Woningbrand op Nijhofflaan in Veenendaal,2023-12-01,01:53:48
brandweer,p 2 bob-01 brandgerucht ggze grote beek dr poletlaan eindhoven 225048,Brandgerucht op Dr Poletlaan in Eindhoven,2023-12-01,01:51:50
brandweer,p 1 br woning nijhofflaan veenendaal 098052,Woningbrand op Nijhofflaan in Veenendaal,2023-12-01,01:51:18
politie,bel oc gms300647,Politie,2023-12-01,02:40:07
politie,graag contact mka betreft wierden,Politie naar Wierden voor contact met de meldkamer opnemen,2023-12-01,02:38:40
politie,bel oc gms300696,Politie,2023-12-01,02:38:33
trauma,a1 13991 13104 13151 boeninlaan amsterdam 108013 108014 108015,Traumaheli naar Boeninlaan in Amsterdam,2023-12-01,02:48:33
brandweer,p 1 bnn-02 oms brandmelding beauty resort sauna de leliehof houtmolen makkum 025635,Automatisch brandalarm op Houtmolen in Makkum,2023-12-01,03:07:01
brandweer,"prio 4 a4 li 44,6 sgravh wegverkeer verkeersstremming soort stremming: obstakel op rijbaan",Brandweer naar A4 in Den Haag,2023-12-01,02:55:37
brandweer,p 2 bon-01 br buiten gelderseplein arnhem 073741,Buitenbrand op Gelderseplein in Arnhem,2023-12-01,02:54:54
trauma,a1 13991 boeninlaan amsterdam 108016,Traumaheli naar Boeninlaan in Amsterdam,2023-12-01,02:51:27
brandweer,p 1 brt-01 br gebouw de kring zwijndrecht 186331,Gebouwbrand op De Kring in Zwijndrecht,2023-12-01,03:41:57
brandweer,p 1 bmd-01 br woning de kupstraat hilversum 147164 142131,Woningbrand op De Kupstraat in Hilversum,2023-12-01,03:41:14
brandweer,p 1 440098 letsel hoekeinde sleeuwijk,Ongeval met letsel op Hoekeinde in Sleeuwijk,2023-12-01,03:25:50
brandweer,p 2 bmd-01 br woning de kupstraat hilversum 147051,Woningbrand op De Kupstraat in Hilversum,2023-12-01,03:49:52
brandweer,p 1 bzb-01 br wegvervoer anna bijnslaan roosendaal 201331,Voertuigbrand op Anna Bijnslaan in Roosendaal,2023-12-01,03:45:39
brandweer,p 2 bnh-01 ass. ambu tilassistentie bobeldijk berkhout 105232,Assistentie ambulance op Bobeldijk in Berkhout,2023-12-01,04:05:46
brandweer,p 1 brt-02 br gebouw middellandplein rotterdam 170551 170631 170531,Gebouwbrand op Middellandplein in Rotterdam,2023-12-01,04:35:22
brandweer,p 1 blb-01 reanimatie van laarsbongerd heythuysen 234331,Assistentie bij reanimatie op Van Laarsbongerd in Heythuysen,2023-12-01,04:30:08
brandweer,contact mkb brt-02 br woning ovd-b middellandplein rotterdam 179192,Woningbrand op Middellandplein in Rotterdam,2023-12-01,04:44:54
brandweer,p 1 brt-02 br gebouw ovd-bz middellandplein rotterdam,Gebouwbrand op Middellandplein in Rotterdam,2023-12-01,04:42:39
brandweer,p 2 bob-02 dienstverlening meting hoenderberglaan eindhoven 225048,Brandweer met gepaste spoed naar Hoenderberglaan in Eindhoven,2023-12-01,04:41:14
brandweer,p 1 bdh-01 br wegvervoer auto vrederustlaan 's-gravenhage 157730,Voertuigbrand op Vrederustlaan in Den Haag,2023-12-01,04:39:20
politie,vpk gaarne contact oc apeldoorn 782,Politie naar Apeldoorn,2023-12-01,04:54:07
brandweer,p 1 brt-03 stank/hind. lucht gaslucht binnen akkerwinde 's-gravendeel 186131,Gaslucht op Akkerwinde in 'S-Gravendeel,2023-12-01,05:06:46
brandweer,p 2 bmd-01 br nacontrole auto dopheidelaan hilversum 147164 142131,Nacontrole op Dopheidelaan in Hilversum,2023-12-01,05:05:20
brandweer,p 1 bdh-01 br wegvervoer portugalweg bodegraven 163030,Voertuigbrand op Portugalweg in Bodegraven,2023-12-01,05:24:37
brandweer,"prio 4 a20 re 45,8 waddxv wegverkeer verkeersstremming soort stremming: pechgeval",Brandweer naar A20,2023-12-01,05:41:05
brandweer,p 1 bzb-01 br industrie covestro coating resins b.v. sluisweg waalwijk 207092 200021 200022 207131 207034 214371 209461,Industriebrand op Sluisweg in Waalwijk,2023-12-01,05:38:30
brandweer,p 1 bzb-01 middel br br industrie covestro coating resins b.v. sluisweg waalwijk,Industriebrand op Sluisweg in Waalwijk,2023-12-01,05:53:33
brandweer,p 1 bzb-01 br industrie covestro coating resins b.v. sluisweg waalwijk 207151,Industriebrand op Sluisweg in Waalwijk,2023-12-01,05:52:55
brandweer,p 1 bzb-01 br industrie covestro coating resins b.v. sluisweg waalwijk 207131,Industriebrand op Sluisweg in Waalwijk,2023-12-01,05:49:48
politie,bel oc 300743,Politie,2023-12-01,05:47:44
brandweer,p 1 bon-02 br woning ottoborrengoed hoevelaken 071231,Woningbrand op Ottoborrengoed in Hoevelaken,2023-12-01,06:14:48
brandweer,p 1 bon-01 br woning zuidelijke vechtdijk dalfsen 042260,Woningbrand op Zuidelijke Vechtdijk in Dalfsen,2023-12-01,06:11:33
brandweer,p 1 bon-01 br woning zuidelijke vechtdijk dalfsen 042030,Woningbrand op Zuidelijke Vechtdijk in Dalfsen,2023-12-01,06:11:33
brandweer,p 1 bdh-02 br gebouw mesdagstraat 's-gravenhage 157850 157230 157430 159591,Gebouwbrand op Mesdagstraat in Den Haag,2023-12-01,05:58:22
brandweer,p 1 bzb-01 middel br br industrie covestro coating resins b.v. sluisweg waalwijk 209452,Industriebrand op Sluisweg in Waalwijk,2023-12-01,05:58:22
politie,veiligheid en openbare orde/geweld/steekpartij prio 1 hoogeveen oranjestraat,Steekpartij op Oranjestraat in Hoogeveen,2023-12-01,06:22:43
trauma,a1 ambu 17992 louis armstrongwegxg rotterdam rottdm bon 169185,Traumaheli naar Louis Armstrongweg in Rotterdam,2023-12-01,06:27:14
brandweer,p 1 bdh-03 reanimatie zwetstraat 's-gravenhage 159661,Assistentie bij reanimatie op Zwetstraat in Den Haag,2023-12-01,06:36:48
brandweer,p 2 bnn-01 co-melder kraanvogelstraat groningen 013593 011832,Brandweer met gepaste spoed naar Kraanvogelstraat in Groningen,2023-12-01,06:33:55
brandweer,p 1 bdh-02 rookmelder zandvliet college bezuidenhoutseweg 's-gravenhage 157230,Rookmelder op Bezuidenhoutseweg in Den Haag,2023-12-01,06:33:46
brandweer,p 1 brt-01 reanimatie inzet aed nassau dillenburgstraat schiedam 170431,Assistentie bij reanimatie op Nassau Dillenburgstraat in Schiedam,2023-12-01,06:33:22
brandweer,"p 2 bzb-02 br berm-/bosschage a58 li 37,8 tilburg 209433 209431",Brandweer met gepaste spoed naar A58 in Tilburg,2023-12-01,06:32:31
trauma,a1 dia: ja ambu 17992 nassau dillenburgstraatem schiedam schidm bon 169190,Traumaheli naar Nassau Dillenburgstraat in Schiedam,2023-12-01,06:40:59
trauma,a1 ambu 17902 louis armstrongwegxg rotterdam rottdm bon 169185,Traumaheli naar Louis Armstrongweg in Rotterdam,2023-12-01,06:30:24
brandweer,p 2 bdh-01 liftopsluiting hoge morsweg leiden 164230,Geen beschrijving beschikbaar,2023-12-01,06:50:45
brandweer,p 2 bnn-02 ongeval wegvervoer auto harlingerstraatweg leeuwarden 026193 026132,Ongeval op Harlingerstraatweg in Leeuwarden,2023-12-01,06:50:45
brandweer,p 2 bon-02 kleine br br woning hoekwoning ottoborrengoed hoevelaken 071081,Woningbrand op Ottoborrengoed in Hoevelaken,2023-12-01,06:49:47
brandweer,p 2 bdh-15 rookmelder viaductweg 's-gravenhage 159661,Rookmelder op Viaductweg in Den Haag,2023-12-01,06:43:18
brandweer,p 1 bzb-01 middel br br industrie func. log. covestro coating resins b.v. sluisweg waalwijk 209480,Industriebrand op Sluisweg in Waalwijk,2023-12-01,06:40:41
brandweer,p 1 bzb-01 middel br br industrie covestro coating resins b.v. sluisweg waalwijk 207133,Industriebrand op Sluisweg in Waalwijk,2023-12-01,06:40:11
trauma,a1 dia: ja ambu 17902 nassau dillenburgstraatem schiedam schidm bon 169190,Traumaheli naar Nassau Dillenburgstraat in Schiedam,2023-12-01,06:41:35
brandweer,p 1 bzb-01 middel br br industrie covestro coating resins b.v. sluisweg waalwijk 200087,Industriebrand op Sluisweg in Waalwijk,2023-12-01,07:05:17
brandweer,p 2 bzb-01 middel br br industrie covestro coating resins b.v. sluisweg waalwijk 200083 207481,Industriebrand op Sluisweg in Waalwijk,2023-12-01,07:01:52
brandweer,p 2 bdh-02 br container korte noordweg wateringen 156831,Buitenbrand (container) op Korte Noordweg in Wateringen,2023-12-01,06:56:12
brandweer,intrekken alarm brw ongeval wegvervoer auto harlingerstraatweg leeuwarden,Ongeval op Harlingerstraatweg in Leeuwarden,2023-12-01,06:51:55
brandweer,graag tel.contact mkon,Brandweer,2023-12-01,06:51:53
brandweer,p 2 brt-02 ass. ambu afhijsen vlietstraat hoogblokland 188151,Geen beschrijving beschikbaar,2023-12-01,07:27:33
brandweer,p 2 bob-01 br buiten jan evertsenstraat geldrop 222541,Buitenbrand op Jan Evertsenstraat in Geldrop,2023-12-01,07:16:14
politie,1 ongeval wegvervoer letsel talmaweg dordrecht icnum 646179,Politie naar Talmaweg in Dordrecht voor ongeval met letsel,2023-12-01,07:29:14
politie,1 ongeval wegvervoer letsel oudelandsedijk oude-tonge icnum 646172,Politie naar Oudelandsedijk in Oude-Tonge voor ongeval met letsel,2023-12-01,07:26:20
politie,aanrijding letsel barchman wuytierslaan amersfoort,Politie naar Barchman Wuytierslaan in Amersfoort voor ongeval met letsel,2023-12-01,07:21:42
politie,"aanrijding letsel a67 li 57,4 maasbree",Politie naar A67 in Maasbree voor ongeval met letsel,2023-12-01,07:13:57
politie,"aanrijding letsel a67 li 57,7 maasbree",Politie naar A67 in Maasbree voor ongeval met letsel,2023-12-01,07:13:57
politie,"aanrijding letsel a67 li - europaweg,0 venlo",Politie naar Europaweg in Venlo voor ongeval met letsel,2023-12-01,07:13:20
politie,"aanrijding letsel n274 - echterbaan,2 schinveld",Politie naar Echterbaan in Schinveld voor ongeval met letsel,2023-12-01,07:40:10
politie,aanrijding letsel lidl supermarkt dobbe zwolle 761886,Politie naar Dobbe in Zwolle voor ongeval met letsel,2023-12-01,07:37:07
brandweer,p 2 brt-03 br container sommelsdijkse havendijk middelharnis 174531,Buitenbrand (container) op Sommelsdijkse Havendijk in Middelharnis,2023-12-01,07:48:59
brandweer,svp contact meldkamer,Brandweer,2023-12-01,07:46:48
brandweer,graag tel.contact mkon,Brandweer,2023-12-01,07:45:08
brandweer,p 1 ass. ambu afhijsen luit blomstraat utrecht 093952 094531,Assistentie ambulance voor afhijsen patiënt op Luit Blomstraat in Utrecht,2023-12-01,07:43:05
politie,1 ongeval wegvervoer letsel n209 - hoekeindseweg bleiswijk icnum 646194,Politie naar Hoekeindseweg in Bleiswijk voor ongeval met letsel,2023-12-01,07:51:09
trauma,a1 dia: ja ambu 17992 oranjestraatvg dordrecht dordrt bon 169210,Traumaheli naar Oranjestraat in Dordrecht,2023-12-01,07:50:57
brandweer,p 1 bdh-01 oms brandmelding bosch en duin scheveningseweg 's-gravenhage 157130,Automatisch brandalarm op Scheveningseweg in Den Haag,2023-12-01,08:02:18
brandweer,open,Geen beschrijving beschikbaar,2023-12-01,08:00:23
brandweer,p 1 ass. ambu klein jagersteinstraat langbroek 098252,Brandweer met spoed naar Klein Jagersteinstraat in Langbroek,2023-12-01,07:59:35
brandweer,p 1 ass. ambu afhijsen klein jagersteinstraat langbroek 095252 095831,Assistentie ambulance voor afhijsen patiënt op Klein Jagersteinstraat in Langbroek,2023-12-01,07:58:12
brandweer,p 1 bdh-01 oms brandmelding woning ipse de bruggen roland holstlaan delft 155530,Automatisch brandalarm op Roland Holstlaan in Delft,2023-12-01,07:54:33
politie,1 ongeval wegvervoer letsel burgemeester keijzerweg papendrecht icnum 646209,Politie naar Burgemeester Keijzerweg in Papendrecht voor ongeval met letsel,2023-12-01,08:06:03
politie,graag contact oc apeldoorn 905,Politie naar Apeldoorn,2023-12-01,08:01:21
politie,verzoek contact kustwachtcentrum,Politie,2023-12-01,07:59:08
politie,aanrijding letsel frans strouxstraat stramproy,Politie naar Frans Strouxstraat in Stramproy voor ongeval met letsel,2023-12-01,07:52:50
trauma,a1 13991 wijsentkade amsterdam 108041,Traumaheli naar Amsterdam,2023-12-01,07:51:35
brandweer,p 2 bob-01 ongeval gaslekkage buiten julianastraat gemert 222841,Gaslek op Julianastraat in Gemert,2023-12-01,08:20:41
brandweer,p 1 stank/hind. lucht gaslucht coolhaven rotterdam,Geen beschrijving beschikbaar,2023-12-01,08:19:22
brandweer,p 1 stank/hind. luchp$gaslucht coolhaven rotterdam,Gaslucht op Coolhaven in Rotterdam,2023-12-01,08:19:22
brandweer,p 1 brt-05 stank/hind. lucht gaslucht coolhaven rotterdam 170631 179192,Gaslucht op Coolhaven in Rotterdam,2023-12-01,08:19:22
brandweer,p 2 dier op hoogte beatrixlaan soest 093351,Brandweer met gepaste spoed naar Beatrixlaan in Soest,2023-12-01,08:17:20
brandweer,gaarne contact mkb! brt-04 contact mkb td oc rotterdam wilhelminakade rotterdam 179291,Brandweer naar Wilhelminakade in Rotterdam,2023-12-01,08:16:24
brandweer,graag telefonisch contact rac,Brandweer  voor contact met meldkamer,2023-12-01,08:12:40
brandweer,p 1 bnh-01 oms brandmelding center parcs zandvoort vondellaan zandvoort 123340,Automatisch brandalarm op Vondellaan in Zandvoort,2023-12-01,08:08:26
politie,aanrijding letsel lange zandstraat moerbeistraat deventer 761936,Politie naar Lange Zandstraat in Deventer voor ongeval met letsel,2023-12-01,08:20:49
politie,contact opnemen oc,Politie,2023-12-01,08:19:59
politie,aanrijding letsel patersweg brunssum,Politie naar Brunssum voor ongeval met letsel,2023-12-01,08:15:05
politie,ongeval/wegvervoer/letsel prio 1 leeuwarden groningerstraatweg,Ongeval met letsel op Groningerstraatweg in Leeuwarden,2023-12-01,08:14:46
politie,aanrijding letsel het overloon heerlen,Politie naar Het Overloon in Heerlen voor ongeval met letsel,2023-12-01,08:10:12
politie,graag contact oc apeldoorn 923,Politie naar Apeldoorn,2023-12-01,08:07:51
brandweer,"prio 4 a13 re - rotterdamseweg 5,6 sgravh wegverkeer verkeersstremming soort stremming: gat in rijbaan",Brandweer naar A13 in Den Haag,2023-12-01,08:28:13
brandweer,p 1 bnn-01 br woning dak anne de vriesschool margrietlaan stadskanaal 012650 013693,Woningbrand op Margrietlaan in Stadskanaal,2023-12-01,08:25:48
brandweer,p 1 bnn-02 br wegvervoer auto osingahuzen heeg 025632,Voertuigbrand op Osingahúzen in Heeg,2023-12-01,08:24:40
brandweer,p 2 bnn-01 brandgerucht anne de vriesschool margrietlaan stadskanaal 012633,Brandgerucht op Margrietlaan in Stadskanaal,2023-12-01,08:22:18
politie,1 ongeval wegvervoer materieel groene kruisweg rotterdam icnum 646237,Politie naar Groene Kruisweg in Rotterdam voor Ongeval Wegvervoer Materieel,2023-12-01,08:30:16
politie,1 ongeval wegvervoer letsel paul krugerstraat rotterdam icnum 646234,Politie naar Paul Krugerstraat in Rotterdam voor ongeval met letsel,2023-12-01,08:29:39
politie,graag contact meldkamer,Politie,2023-12-01,08:26:48
politie,ongeval/wegvervoer/letsel prio 1 emmen elkingeslag,Ongeval met letsel op Elkingeslag in Emmen,2023-12-01,08:25:59
politie,ongeval/wegvervoer/letsel prio 1 groningen metaallaan diamantlaan,Ongeval met letsel op Metaallaan in Groningen,2023-12-01,08:24:09
brandweer,"p 2 bmd-01 stank/hind. lucht vreemde lucht clean carwash emmeloord ,ldenweg emmeloord 256131",Geen beschrijving beschikbaar,2023-12-01,08:39:28
brandweer,p 2 bmd-01 stank/hind. lucht vreemde lucht clean carwash emmeloord gildenweg emmeloord 256131,Vreemde lucht waargenomen op Gildenweg in Emmeloord,2023-12-01,08:39:28
brandweer,p 3 bon-20 testmelding 08 nijmegen west nieuwe dukenburgseweg nijmegen 089231,Brandweer zonder spoed naar Nieuwe Dukenburgseweg in Nijmegen  test/oefening,2023-12-01,08:38:55
brandweer,p 2 dier op hoogte van weedestraat soest 093341,Geen beschrijving beschikbaar,2023-12-01,08:38:16
brandweer,p 2 bon-03 oms brandmelding zorgcentrum de valentijn saffatinstraat maurik 087531,Automatisch brandalarm op Saffatinstraat in Maurik,2023-12-01,08:34:03
brandweer,p 1 440438 letsel n269 - lage mierdseweg esbeek,Ongeval met letsel op Lage Mierdseweg in Esbeek,2023-12-01,08:33:40
brandweer,p 1 440436 letsel n269 - lage mierdseweg esbeek,Ongeval met letsel op Lage Mierdseweg in Esbeek,2023-12-01,08:33:40
brandweer,"p 1 440435 letsel n269 - lage mierdseweg,6 esbeek",Ongeval met letsel op Lage Mierdseweg in Esbeek,2023-12-01,08:32:53
brandweer,graag contact mkon,Brandweer,2023-12-01,08:32:06
brandweer,"prio 4 a44 li 16,4 oegstg wegverkeer verkeersstremming soort stremming: obstakel op rijbaan",Brandweer naar A44 in Oegstgeest,2023-12-01,08:32:03
politie,prio 1 zonnebloemstraat sgravh ongeval wegvervoer letsel,Ongeval met letsel op Zonnebloemstraat in Den Haag,2023-12-01,08:37:31
politie,aanrijding letsel de kiepe enschede 761953,Politie naar De Kiepe in Enschede voor ongeval met letsel,2023-12-01,08:37:22
brandweer,p 2 bdh-01 oms brandmelding gamma leiden noord flevoweg leiden 164130,Automatisch brandalarm op Flevoweg in Leiden,2023-12-01,08:50:46
brandweer,p 1 bon-02 ass. ambu tilassistentie van nesstraat arnhem 079035,Assistentie ambulance op Van Nesstraat in Arnhem,2023-12-01,08:50:14
brandweer,spoed ambu,Brandweer,2023-12-01,08:43:51
brandweer,p 1 bdh-02 ongeval gaslekkage mozartlaan delft 155530 159591,Gaslek op Mozartlaan in Delft,2023-12-01,08:41:41
brandweer,p 1 reanimatie nimrodlaan bilthoven 090731,Assistentie bij reanimatie op Nimrodlaan in Bilthoven,2023-12-01,09:12:14
brandweer,p 1 bdh-03 reanimatie albert heijn frederik hendriklaan 's-gravenhage 157130,Assistentie bij reanimatie op Frederik Hendriklaan in Den Haag,2023-12-01,09:10:26
brandweer,p 2 bon-04 reanimatie zichtscherm brinkstraat enschede 053171,Assistentie bij reanimatie op Brinkstraat in Enschede,2023-12-01,09:05:50
brandweer,p 2 bad-01 dienstverlening betreft: persoon in hoogwerker muntplein rokin amsterdam 133151,Brandweer met gepaste spoed naar Muntplein in Amsterdam,2023-12-01,09:04:54
brandweer,"p 1 440472 letsel n269 - lage mierdseweg 11,0 esbeek",Geen beschrijving beschikbaar,2023-12-01,09:01:58
brandweer,"p 1 bzb-02 br wegvervoer auto n269 - lage mierdseweg,6 esbeek 209241",Voertuigbrand op Lage Mierdseweg in Esbeek,2023-12-01,08:59:52
brandweer,p 2 bob-02 ongeval gaslekkage buiten vesperstraat mierlo 222641,Gaslek op Vesperstraat in Mierlo,2023-12-01,08:59:05
brandweer,p 2 bdh-15 co-melder nunspeetlaan 's-gravenhage 159661,Brandweer met gepaste spoed naar Nunspeetlaan in Den Haag,2023-12-01,08:56:10
brandweer,p 2 bnh-01 co-melder koolmonoxide schubertkade alkmaar 104131,Brandweer met gepaste spoed naar Schubertkade in Alkmaar,2023-12-01,08:53:46
politie,aanrijding letsel hurwenensestraat rossum ge 762019,Politie naar Rossum voor ongeval met letsel,2023-12-01,09:06:50
politie,aanrijding letsel julianalaan hoevelaken 762005,Politie naar Julianalaan in Hoevelaken voor ongeval met letsel,2023-12-01,09:04:20
politie,aanrijding letsel brinkstraat enschede 762000,Politie naar Brinkstraat in Enschede voor ongeval met letsel,2023-12-01,09:03:13
politie,aanrijding letsel 's-gravelandseweg geert van mesdagweg hilversum,Politie naar 's-Gravelandseweg in Hilversum voor ongeval met letsel,2023-12-01,09:01:54
politie,aanrijding letsel randweg noord wijchen 762002,Politie naar Randweg Noord in Wijchen voor ongeval met letsel,2023-12-01,08:59:22
brandweer,p 1 bon-05 hv overig gaslekkage binnen ovd-b van heemstraweg heerewaarden 084331 089093,Gaslek op van Heemstraweg in Heerewaarden,2023-12-01,09:28:01
brandweer,p 5 bdh-01 testmelding kazerne noordwijk duinwetering noordwijk zh 161831,Brandweer naar Duinwetering in Noordwijk  test/oefening,2023-12-01,09:22:29
brandweer,p 2 bon-02 stormschade blikman kikkertweg lemele 041030,Stormschade op Blikman Kikkertweg in Lemele,2023-12-01,09:22:20
brandweer,p 5 bdh 01 testmelding kazerne noordwijk duinwetering noordwijk zh 161831,Brandweer naar Duinwetering in Noordwijk  test/oefening,2023-12-01,09:21:12
brandweer,p 1 bob-01 ass. ambu carolushof uden 213832,Brandweer met spoed naar Carolushof in Uden,2023-12-01,09:20:03
politie,aanrijding letsel haaksbergerstraat enschede 761984,Geen beschrijving beschikbaar,2023-12-01,09:28:33
politie,aanrijding letsel rembrandtlaan veenendaal,Politie naar Rembrandtlaan in Veenendaal voor ongeval met letsel,2023-12-01,09:26:55
trauma,a1 ambu 17992 lekstraatbn rotterdam rottdm bon 169250,Traumaheli naar Lekstraat in Rotterdam,2023-12-01,09:14:29
brandweer,p 2 bob-03 dier in problemen heidveld bakel 223231,Geen beschrijving beschikbaar,2023-12-01,09:38:31
brandweer,p 1 bnh-01 brandgerucht hema willem eggertstraat purmerend 115031,Brandgerucht op Willem Eggertstraat in Purmerend,2023-12-01,09:37:50
brandweer,gaarne contact mkb! brt-01 contact mkb kazerne bosland bosland rotterdam 179201,Brandweer naar Bosland in Rotterdam,2023-12-01,09:37:20
brandweer,p 2 bmd-01 stank/hind. lucht gaslucht binnen marina muiderzand grijze loods marinaweg almere 254134,Geen beschrijving beschikbaar,2023-12-01,09:36:56
brandweer,p 2 bdh-01 ass. ambu afhijsen marcelisstraat 's-gravenhage 157150 157130,Assistentie ambulance voor afhijsen patiënt op Marcelisstraat in Den Haag,2023-12-01,09:30:44
politie,ongeval wegvervoer letsel venbergseweg valkenswaard,Politie naar Venbergseweg in Valkenswaard voor ongeval met letsel,2023-12-01,09:38:27
politie,graag contact oc apeldoorn 055,Politie naar Apeldoorn,2023-12-01,09:34:46
brandweer,p 1 bon-05 hv overig gaslekkage binnen van heemstraweg heerewaarden 085671,Gaslek op van Heemstraweg in Heerewaarden,2023-12-01,09:50:05
brandweer,p 1 bnn-01 br bos tweede groenedijk emmer-compascuum 038660 038765 038768 038693 038633 038731,Brandweer met spoed naar Emmer-Compascuum,2023-12-01,09:48:20
brandweer,p 1 bon-04 br woning de hoefkampe straat nijmegen 082151 089231 082131 089091,Woningbrand op de Hoefkamp in Nijmegen,2023-12-01,09:47:46
brandweer,p 1 ongeval wegvervoer letsel a10 re - ringweg-oost amsterdam,Ongeval met letsel op A10 in Amsterdam,2023-12-01,09:46:27
brandweer,p 2 bon-06 stank/hind. lucht gaslucht buiten kerkhofweg zutphen 064031,Gaslucht op Kerkhofweg in Zutphen,2023-12-01,09:45:48
brandweer,p 2 bon-03 br nacontrole akro handelsonderneming fuutweg nijverdal 055431,Nacontrole op Fuutweg in Nijverdal,2023-12-01,09:45:35
brandweer,p 1 blb-01 reanimatie dudenrode doenrade 244241,Assistentie bij reanimatie op Dudenrode in Doenrade,2023-12-01,09:41:59
brandweer,p 1 bdh-04 ongeval binnen deur openen looksingel den hoorn zh 155530,Ongeval op Looksingel in Den Hoorn,2023-12-01,09:40:27
brandweer,p 1 bnh-01 br winkel hema willem eggertstraat purmerend 115051 110291 111032,Brandweer met spoed naar Willem Eggertstraat in Purmerend,2023-12-01,09:39:40
politie,svp tel. contact mka,Politie  voor contact met de meldkamer opnemen,2023-12-01,09:48:55
politie,graag contact meldkamer politie gms 054,Politie,2023-12-01,09:46:03
trauma,a1 ambu 08993 dia nijmegen broerweg,Traumaheli naar Broerweg in Nijmegen,2023-12-01,09:46:40
trauma,a1 ambu 08993 dia nijmegen rit 318259,Traumaheli naar Nijmegen,2023-12-01,09:44:35
brandweer,p 1 bdh-02 oms brandmelding ipse de bruggen brasserskade nootdorp 157430,Automatisch brandalarm op Brasserskade in Nootdorp,2023-12-01,10:06:59
brandweer,p 1 bnh-02 brandgerucht marsmanplein parkeergarage haarlem 123030,Brandgerucht op Marsmanplein in Haarlem,2023-12-01,10:06:01
brandweer,p 1 bad-01 ass. ambu deur openen van ostadestraat amsterdam 133231,Brandweer met spoed naar Van Ostadestraat in Amsterdam,2023-12-01,10:05:16
brandweer,p 1 bzb-01 br wegvervoer ringbaan-oost tilburg 209433,Voertuigbrand op Ringbaan-Oost in Tilburg,2023-12-01,10:03:52
brandweer,graag tel.contact mkon,Brandweer,2023-12-01,09:58:38
politie,ongeval/wegvervoer/letsel prio 1 assen stoepveldsingel,Ongeval met letsel op Stoepveldsingel in Assen,2023-12-01,10:07:14
politie,aabrkjding letsel poldermolenweg bergmolenstraat almere,Geen beschrijving beschikbaar,2023-12-01,10:02:28
politie,aanrijding letsel poldermolenweg bergmolenstraat almere,Politie naar Poldermolenweg in Almere voor ongeval met letsel,2023-12-01,10:02:28
politie,"2 ongeval wegvervoer materieel a15 li 36,2 europoort rotterdam icnum 646371",Politie naar A15 in Rotterdam voor Ongeval Wegvervoer Materieel,2023-12-01,10:02:18
brandweer,oefening!! oms drukknopmelding bedrijventerrein merseyweg merseyweg botlek rotterdam 171931 171961,Brandweer naar Merseyweg in Botlek Rotterdam voor automatisch brandalarm dit betreft een oefening,2023-12-01,10:15:49
brandweer,"p 1 bad-01 reanimatie deur openen, afhijsen van ostadestraat amsterdam 133251",Assistentie bij reanimatie op Van Ostadestraat in Amsterdam,2023-12-01,10:15:47
brandweer,p 1 bdh-02 br onderwijs ags laboratorium tno lab.voor pyrotechniek ypenburgse boslaan 's-gravenhage 159020,Brandweer met spoed naar Ypenburgse Boslaan in Den Haag,2023-12-01,10:13:07
brandweer,p 1 bdh-02 br onderwijs laboratorium tno lab.voor pyrotechniek ypenburgse boslaan 's-gravenhage 155150 155630 159591,Brandweer met spoed naar Ypenburgse Boslaan in Den Haag,2023-12-01,10:12:50
brandweer,p 1 bdh-02 oms brandmelding tno lab.voor pyrotechniek ypenburgse boslaan 's-gravenhage 157430,Automatisch brandalarm op Ypenburgse Boslaan in Den Haag,2023-12-01,10:11:42
brandweer,p 1 bnn-02 oms brandmelding emmaheerdt emmastraat winschoten 01-29-071 012932,Automatisch brandalarm op Emmastraat in Winschoten,2023-12-01,10:10:26
politie,ongeval/wegvervoer/letsel prio 1 leeuwarden julianalaan,Ongeval met letsel op Julianalaan in Leeuwarden,2023-12-01,10:23:23
politie,aanrijding letsel lucretia van merkenlaan dijkstraat-west veenendaal,Politie naar Lucretia van Merkenlaan in Veenendaal voor ongeval met letsel,2023-12-01,10:21:55
politie,svp tel. contact mka,Politie  voor contact met de meldkamer opnemen,2023-12-01,10:18:23
politie,bel oc 300864,Politie,2023-12-01,10:12:23
politie,graag contact oc on gms 000,Politie,2023-12-01,10:10:33
trauma,"a1 mmt, aed 13991 van ostadestraat amsterdam 108081",Traumaheli naar Van Ostadestraat in Amsterdam,2023-12-01,10:13:07
brandweer,p 2 bad-02 brandgerucht betreft: oms kdc de schuit cordaan kdv president allendelaan amsterdam 132531,Brandgerucht op President Allendelaan in Amsterdam,2023-12-01,10:32:01
brandweer,p 2 bdh-03 liftopsluiting willemstraat zoetermeer 155230,Assistentie bij liftopsluiting op Willemstraat in Zoetermeer,2023-12-01,10:30:22
brandweer,p 1 bon-03 kleine br br woning schoorsteen de roerdomp denekamp 052151 052331,Woningbrand op de Roerdomp in Denekamp,2023-12-01,10:29:39
brandweer,p 2 bon-02 oms brandmelding scaly laan van eikenhof hoenderloo apeldoorn 063041,Automatisch brandalarm op Laan van Eikenhof in Hoenderloo,2023-12-01,10:23:31
politie,aanrijding letsel burg. waszinkstraat heerlen,Politie naar Burg. Waszinkstraat in Heerlen voor ongeval met letsel,2023-12-01,10:29:55
politie,prio 1 hoefkade sgravh ongeval wegvervoer letsel,Ongeval met letsel op Hoefkade in Den Haag,2023-12-01,10:26:29
brandweer,p 1 intrekken alarm brw br gezondheidszorg azc gezinsopvang nieuweweg den helder,Brandmelding op Nieuweweg in Den Helder,2023-12-01,10:43:56
brandweer,p 1 bnh-01 br gezondheidszorg azc gezinsopvang nieuweweg den helder 104451 106592 104432 286431,Brandmelding op Nieuweweg in Den Helder,2023-12-01,10:43:56
brandweer,p 2 bzb-01 oms brandmelding kinderopvang kibeo julianastraat wissenkerke 194841,Automatisch brandalarm op Julianastraat in Wissenkerke,2023-12-01,10:43:03
brandweer,p 2 liftopsluiting sport business center plesmanstraat leusden 092231,Assistentie bij liftopsluiting op Plesmanstraat in Leusden,2023-12-01,10:42:48
brandweer,"p 1 bmd-01 br wegvervoer auto n715 - oosterringweg,0 marknesse 256133",Voertuigbrand op Oosterringweg in Marknesse,2023-12-01,10:39:37
brandweer,ovdb graag telefonisch contact mon,Brandweer,2023-12-01,10:39:08
brandweer,p 2 bon-06 oms brandmelding winkelcentrum dukenburg pg 7 zwanenvelde straat nijmegen 089231,Automatisch brandalarm op Zwanenveld in Nijmegen,2023-12-01,10:38:35
brandweer,p 1 bdh-01 reanimatie afhijsen hartweg katwijk zh 161752 161730,Assistentie bij reanimatie op Hartweg in Katwijk,2023-12-01,10:36:28
brandweer,p 1 bdh-01 reanimatie afhijsen1 hartweg katwijk zh 161752 161730,Assistentie bij reanimatie op Hartweg in Katwijk,2023-12-01,10:36:28
politie,ongeval wegvervoer letsel eerschotsestraat sint-oedenrode,Politie naar Eerschotsestraat in Sint-Oedenrode voor ongeval met letsel,2023-12-01,10:40:20
politie,incident aanrijding wild hallsedijk tonden 762213 en 055,Politie naar Hallsedijk in Tonden,2023-12-01,10:38:52
politie,"aanrijding letsel aanrijding fiets, brommobiel steenweg gamerschedijk zaltbommel 762175",Politie naar Steenweg in Zaltbommel voor ongeval met letsel,2023-12-01,10:36:39
brandweer,p 2 bon-07 dier in put/kelder stuivezandweg halle bronckhorst 065972 065631,Brandweer met gepaste spoed naar Stuivezandweg in Halle,2023-12-01,10:53:03
brandweer,p 1 bon-02 stank/hind. lucht gaslucht binnen poelwijklaan gendt 074931,Gaslucht op Poelwijklaan in Gendt,2023-12-01,10:51:26
brandweer,p 1 bad-02 ongeval wegvervoer lichte thv bornhout australiehavenweg amsterdam 139091 138861 138831,Ongeval op Bornhout in Amsterdam,2023-12-01,11:18:02
brandweer,p 1 ongeval wegvervoer letsel bornhout amsterdam,Ongeval met letsel op Bornhout in Amsterdam,2023-12-01,11:18:02
brandweer,p 1 bnh-02 reanimatie zuiderzeelaan haarlem 123130,Assistentie bij reanimatie op Zuiderzeelaan in Haarlem,2023-12-01,11:17:14
brandweer,p 2 bon-06 ophalen zichtschermen brinkstraat enschede 053171,Brandweer met gepaste spoed naar Brinkstraat in Enschede,2023-12-01,11:15:27
brandweer,p 1 reanimatie burgemeester van heemstrakwartier de bilt 090831,Assistentie bij reanimatie op Burgemeester Van Heemstrakwartier in De Bilt,2023-12-01,11:11:42
brandweer,p 2 bnh-01 liftopsluiting fa de ontmoeting de verwachting anna paulowna 105032,Geen beschrijving beschikbaar,2023-12-01,11:09:16
brandweer,p 1 brt-01 br wegvervoer auto binnendams hardinxveld-giessendam 187631,Voertuigbrand op Binnendams in Hardinxveld-Giessendam,2023-12-01,11:07:59
brandweer,graag tel.contact mkon,Brandweer,2023-12-01,11:02:01
brandweer,p 1 bnn-01 middel hv ongeval hoofdweg harkstede gn 011832,Ongeval op Hoofdweg in Harkstede,2023-12-01,11:00:25
brandweer,"prio 2 56.4 a4 li 56,4 schild :",Geen beschrijving beschikbaar,2023-12-01,10:58:42
brandweer,p 1 bnn-01 ongeval lichte thv hoofdweg harkstede gn 013593 012231 011871,Ongeval op Hoofdweg in Harkstede,2023-12-01,10:58:01
politie,aanrijding letsel bosch bedding stuartweg vianen ut,Politie naar Stuartweg in Vianen voor ongeval met letsel,2023-12-01,11:12:55
politie,1 ongeval wegvervoer letsel olympiaweg sommelsdijk icnum 646484,Politie naar Olympiaweg in Sommelsdijk voor ongeval met letsel,2023-12-01,11:09:12
politie,3 dier in problemen buiten walevest dordrecht icnum 646471,Politie naar Buiten Walevest in Dordrecht,2023-12-01,11:03:35
politie,ongeval/wegvervoer/letsel prio 1 harkstede gn kooilaan,Ongeval met letsel op Kooilaan in Harkstede,2023-12-01,11:00:39
politie,ongeval/wegvervoer/letsel prio 1 harkstede gn hoofdweg,Ongeval met letsel op Hoofdweg in Harkstede,2023-12-01,11:00:25
brandweer,p 1 bdh-04 oms brandmelding 2 matrozen zeesluisweg 's-gravenhage 157130,Automatisch brandalarm op Zeesluisweg in Den Haag,2023-12-01,11:33:18
brandweer,vervallen!!! intrekken alarm brw dienstverlening marconistraat rotterdam,Brandweer met spoed naar Marconistraat in Rotterdam  loos alarm,2023-12-01,11:32:24
brandweer,p 1 blb-01 ongeval gaslekkage buiten gagarinstraat landgraaf 243891 244441,Geen beschrijving beschikbaar,2023-12-01,11:31:52
brandweer,intrekken alarm brw oorzaak aangebrande pepernoten oms brandmelding huize marienbosch fok heerenveen,Automatisch brandalarm op Fok in Heerenveen,2023-12-01,11:30:41
brandweer,p 1 bnn-02 oms brandmelding huize marienbosch fok heerenveen 026432,Automatisch brandalarm op Fok in Heerenveen,2023-12-01,11:27:52
brandweer,p 2 brt-03 ass. ambu reddingskussen marconistraat rotterdam 170431 179072 179192,Brandweer met gepaste spoed naar Marconistraat in Rotterdam,2023-12-01,11:26:56
brandweer,graag contact meldkamer brandweer.,Brandweer,2023-12-01,11:26:56
brandweer,p 2 bzb-01 oms brandmelding stichting thebe wonen en zorg princentuin breda 203132,Automatisch brandalarm op Princentuin in Breda,2023-12-01,11:24:43
brandweer,p 1 ongeval wegvervoer letsel alexanderplein amsterdam,Ongeval met letsel op Alexanderplein in Amsterdam,2023-12-01,11:24:43
brandweer,p 2 brt-02 liftopsluiting einsteinplaats rotterdam 171031,Assistentie bij liftopsluiting op Einsteinplaats in Rotterdam,2023-12-01,11:24:11
brandweer,p 2 bad-03 ass. ambu afhijsen jan evertsenstraat amsterdam 132651 132631,Assistentie ambulance voor afhijsen patiënt op Jan Evertsenstraat in Amsterdam,2023-12-01,11:21:59
brandweer,p 1 bon-03 br woning geitenbergweg dieren 075141,Woningbrand op Geitenbergweg in Dieren,2023-12-01,11:20:35
brandweer,p 1 ongeval wegvervoer letsel australiehavenweg amsterdam,Ongeval met letsel op Australiëhavenweg in Amsterdam,2023-12-01,11:19:05
politie,"aanrijding letsel a30 li 22,8 barneveld 762342",Politie naar A30 in Barneveld voor ongeval met letsel,2023-12-01,11:31:46
politie,2 ongeval wegvervoer materieel heinlantstraat rotterdam icnum 646513,Politie naar Heinlantstraat in Rotterdam voor Ongeval Wegvervoer Materieel,2023-12-01,11:28:01
politie,aanrijding letsel graafschap hornelaan weert,Politie naar Graafschap Hornelaan in Weert voor ongeval met letsel,2023-12-01,11:26:37
politie,2 ongeval wegvervoer materieel slaghekstraat rotterdam icnum 646505,Politie naar Slaghekstraat in Rotterdam voor Ongeval Wegvervoer Materieel,2023-12-01,11:22:55
politie,aanrijding letsel veldweg herkenbosch,Politie naar Veldweg in Herkenbosch voor ongeval met letsel,2023-12-01,11:21:20
politie,"aanrijding letsel a30 li 21,2 barneveld 762339",Geen beschrijving beschikbaar,2023-12-01,11:32:22
politie,"aanrijding letsel a30 li 22,5 barneveld 762346",Politie naar A30 in Barneveld voor ongeval met letsel,2023-12-01,11:32:11
brandweer,p 1 bob-01 ass. ambu leenderweg eindhoven 222451,Brandweer met spoed naar Leenderweg in Eindhoven,2023-12-01,11:51:46
brandweer,prins clausbrug vrijhouden voor hulpdiensten,Brandweer,2023-12-01,11:50:05
brandweer,p 1 bad-04 ass. ambu deur openen s. f. van ossstraat amsterdam 132531,Brandweer met spoed naar S. F. van Ossstraat in Amsterdam,2023-12-01,11:48:31
brandweer,p 2 bad-01 liftopsluiting daalwijk amsterdam 134131,Assistentie bij liftopsluiting op Daalwijk in Amsterdam,2023-12-01,11:47:27
brandweer,p 2 bob-01 ass. ambu afhijsen leenderweg eindhoven 222351 222332,Assistentie ambulance voor afhijsen patiënt op Leenderweg in Eindhoven,2023-12-01,11:47:00
brandweer,gaarne contact mka hm,Brandweer  voor contact met de meldkamer opnemen,2023-12-01,11:46:12
politie,prio 1 pim mulierstraat alphrn ongeval wegvervoer letsel,Ongeval met letsel op Pim Mulierstraat in Alphen Aan Den Rijn,2023-12-01,11:44:14
brandweer,p 2 bnh-04 ass. ambu tilassistentie harp bennebroek 123540,Assistentie ambulance op Harp in Bennebroek,2023-12-01,12:10:35
brandweer,graag telefonisch contact meldkamer brandweer,Brandweer,2023-12-01,11:57:09
brandweer,p 2 bnh-02 oms brandmelding kdv kindergarden kennemerplein haarlem 123030,Automatisch brandalarm op Kennemerplein in Haarlem,2023-12-01,11:56:03
brandweer,p 1 bzb-02 hv overig gaslekkage buiten van der nootlaan roosendaal 201092 201331,Gaslek op Van der Nootlaan in Roosendaal,2023-12-01,11:55:41
politie,"aanrijding letsel a73 li 40,9 venlo",Geen beschrijving beschikbaar,2023-12-01,12:11:26
politie,2 loslopende dieren veldstraat rotterdam icnum 646576,Politie naar Veldstraat in Rotterdam,2023-12-01,12:06:01
politie,aanrijding letsel volksbondweg maastricht,Geen beschrijving beschikbaar,2023-12-01,12:00:33
politie,graag contact oc on gms364,Politie,2023-12-01,11:55:14
brandweer,p 1 brt-03 stank/hind. lucht ovd-b zonnehof spijenisse willemshoevelaan spijkenisse 179237 179195,Brandweer met spoed naar Willemshoevelaan in Spijkenisse,2023-12-01,12:21:48
brandweer,testerdetest,Geen beschrijving beschikbaar,2023-12-01,12:20:12
brandweer,p 2 br gerucht zon en schild villa-fornhese utrechtseweg amersfoort 090133,Brandgerucht op Utrechtseweg in Amersfoort,2023-12-01,12:13:07
politie,1 ongeval wegvervoer materieel noordsingel rotterdam icnum 646594,Politie naar Noordsingel in Rotterdam voor Ongeval Wegvervoer Materieel,2023-12-01,12:19:24
politie,1 ongeval wegvervoer letsel krispijnseweg dordrecht icnum 646592,Politie naar Krispijnseweg in Dordrecht voor ongeval met letsel,2023-12-01,12:18:33
politie,prio 1 benoordenhoutseweg sgravh ongeval wegvervoer letsel,Ongeval met letsel op Benoordenhoutseweg in Den Haag,2023-12-01,12:17:37
brandweer,p 1 bon-01 ass. ambu tilassistentie middenstraat rhenoy 086131,Assistentie ambulance op Middenstraat in Rhenoy,2023-12-01,12:30:48
brandweer,p 2 bdh-01 ass. ambu tilassistentie tortellaan 's-gravenhage 157730,Assistentie ambulance op Tortellaan in Den Haag,2023-12-01,12:30:16
brandweer,p 3 intrekken alarm brw br winkel voorstraat woerden,Brandweer zonder spoed naar Voorstraat in Woerden  loos alarm,2023-12-01,12:29:25
brandweer,p 1 br winkel voorstraat woerden 096231,Brandweer met spoed naar Winkel,2023-12-01,12:26:41
brandweer,test techniek,Geen beschrijving beschikbaar,2023-12-01,12:26:29
brandweer,p 1 bdh-04 oms brandmelding ypendael laan van hoornwijck 's-gravenhage 155630,Automatisch brandalarm op Laan van Hoornwijck in Den Haag,2023-12-01,12:25:56
brandweer,p 1 blb-02 ongeval gaslekkage buiten heerlenerweg sittard 243591 244631,Gaslek op Heerlenerweg in Sittard,2023-12-01,12:25:39
brandweer,test 3,Geen beschrijving beschikbaar,2023-12-01,12:25:14
brandweer,p 1 bob-02 reanimatie dokter hanegraaffstraat rosmalen 212432,Geen beschrijving beschikbaar,2023-12-01,12:23:19
politie,prio 1 steenvoordelaan rijszh ongeval wegvervoer letsel,Ongeval met letsel op Steenvoordelaan in Rijswijk,2023-12-01,12:27:57
politie,prio 1 steenvoordelaan rijszh ongeval 7 gvervoer letsel,Ongeval met letsel op Steenvoordelaan in Rijswijk,2023-12-01,12:27:40
politie,"aanrijding letsel n277 - middenpeelweg 58,6 maasbree",Geen beschrijving beschikbaar,2023-12-01,12:25:42
trauma,a1 dia: ja ambu 17992 kabelweg 4382wv vlissingen vlissg bon 169365,Traumaheli naar 4382WV,2023-12-01,12:28:27
trauma,a1 ambu 17992 rhijngeesterstraatweg oegstgeest oegstg bon 169357,Traumaheli naar Rhijngeesterstraatweg in Oegstgeest,2023-12-01,12:21:37
brandweer,p 1 bdh-02 oms brandmelding kazerne centrum zamenhofstraat 's-gravenhage 157830,Geen beschrijving beschikbaar,2023-12-01,12:41:16
brandweer,spoed ambu,Brandweer,2023-12-01,12:36:04
brandweer,p 1 bad-01 ass. ambu deur openen betreft: hekwerk parkeergarage parkeergar liendenhof liendenhof amsterdam 134131,Brandweer met spoed naar Liendenhof in Amsterdam,2023-12-01,12:33:16
brandweer,p 2 bnh-01 dier in problemen bosweg hoofddorp 124230,Dier in problemen op Bosweg in Hoofddorp,2023-12-01,12:32:55
politie,aanrijding letsel kasteel hillenraedtstraat roermond,Politie naar Kasteel Hillenraedtstraat in Roermond voor ongeval met letsel,2023-12-01,12:37:57
politie,prio 1 lozerlaan erasmusweg sgravh ongeval wegvervoer letsel,Ongeval met letsel op Lozerlaan in Den Haag,2023-12-01,12:34:46
politie,prio 1 wim jansen grote esch moordr ongeval wegvervoer letsel,Ongeval met letsel op Grote Esch in Moordrecht,2023-12-01,12:32:20
politie,graag nogmaals contact oc on gms 364,Politie,2023-12-01,12:32:11
trauma,ovdg graag contact mkann voor wommels,Traumaheli naar Wommels voor contact met de meldkamer opnemen,2023-12-01,12:34:50
brandweer,p 2 brt-04 oms brandmelding praxis bergen barendrecht 173361,Automatisch brandalarm op Bergen in Barendrecht,2023-12-01,12:53:52
brandweer,p 2 brt-02 wateroverlast lijnbaan maassluis 170231,Wateroverlast op Lijnbaan in Maassluis,2023-12-01,12:53:18
brandweer,brug krommenie - n203 vrijhouden voor hulpdiensten,Brandweer naar N203 in Krommenie,2023-12-01,12:52:39
brandweer,"p 1 bdh-03 br wegvervoer a12 re 24,7 waddinxveen 155330",Voertuigbrand op A12 in Waddinxveen,2023-12-01,12:52:03
brandweer,oefening!!! brt-01 oms drukknopmelding ect delta terminals hn8200 europaweg maasvlakte rotterdam 171431 171461,Brandweer naar Europaweg in Maasvlakte Rotterdam voor automatisch brandalarm dit betreft een oefening,2023-12-01,12:51:09
brandweer,proefalarm,Brandweer met spoed,2023-12-01,12:43:57
politie,bezitsaantasting/overval/bedrijf/instelling prio 1 leeuwarden shell tankstation prof. mr. p.s. gerbrandyweg,Politie met spoed naar Prof. mr. P.S. Gerbrandyweg in Leeuwarden  overval,2023-12-01,12:50:43
brandweer,p 1 blb-01 br gebouw heerlenersteenweg kerkrade 243151 243491 244441 243841,Gebouwbrand op Heerlenersteenweg in Kerkrade,2023-12-01,13:21:55
brandweer,p 2 bdh-02 stank/hind. lucht buiten zuidsingel leiden 164130,Brandweer met gepaste spoed naar Zuidsingel in Leiden,2023-12-01,13:20:59
brandweer,"p 2 bon-01 oms brandmelding het meulenbelt almelo, tmz vriezenveenseweg almelo 053131",Automatisch brandalarm op Vriezenveenseweg in Almelo,2023-12-01,13:19:35
brandweer,p 1 ongeval wegvervoer letsel a10 re - ringweg-oost amsterdam,Ongeval met letsel op A10 in Amsterdam,2023-12-01,13:19:22
brandweer,p 1 ongeval wegvervoer letsel a10 re - einsteinwg amsterdam,Ongeval met letsel op A10 in Amsterdam,2023-12-01,13:13:07
brandweer,p 1 bdh-05 stank/hind. lucht gaslucht buiten van bleiswijkstraat 's-gravenhage 157130,Gaslucht op Van Bleiswijkstraat in Den Haag,2023-12-01,13:12:35
brandweer,gaarne contact mkb! brt-02 wateroverlast ovd-bz lijnbaan maassluis,Brandweer naar Lijnbaan in Maassluis voor wateroverlast,2023-12-01,13:10:22
brandweer,p 2 blb-03 stank/hind. lucht koolmonoxide meting keramiek landgraaf 244141,Brandweer met gepaste spoed naar Keramiek in Landgraaf,2023-12-01,13:09:50
brandweer,oefening brt-03 oms drukknopmelding vopak terminal chemiehaven chemiestraat botlek rotterdam 171931 171961,Brandweer naar Chemiestraat in Botlek Rotterdam voor automatisch brandalarm dit betreft een oefening,2023-12-01,13:09:07
brandweer,p 1 bon-06 kleine br br industrie schoorsteen de hoge brug malden 082151 089231,Industriebrand op De Hoge Brug in Malden,2023-12-01,13:07:09
brandweer,spoed ambu,Brandweer,2023-12-01,13:06:57
brandweer,p 1 bdh-01 stank/hind. lucht gaslucht binnen holtenstraat 's-gravenhage 157750,Gaslucht op Holtenstraat in Den Haag,2023-12-01,13:03:28
brandweer,p 1 bdh-01 stank/hind. lucht gaslucht binnen holtenstraat 's-gravenhage 157730,Gaslucht op Holtenstraat in Den Haag,2023-12-01,13:03:28
brandweer,p 2 bnh-01 ongeval gaslekkage meeuwenlaan sint pancras 104131,Gaslek op Meeuwenlaan in Sint Pancras,2023-12-01,13:02:45
brandweer,p 1 bdh-04 ongeval wegvervoer kazerne leiden noord b&v schipholweg leiden 164130,Ongeval op Schipholweg in Leiden,2023-12-01,13:02:14
brandweer,proefalarm tco haaglanden.,Brandweer met spoed voor Proefalarm,2023-12-01,13:00:22
brandweer,p 1 bob-01 reanimatie schootsestraat eindhoven 222332,Assistentie bij reanimatie op Schootsestraat in Eindhoven,2023-12-01,12:57:10
brandweer,p 2 bnh-02 ongeval gaslekkage buiten loodsweg westknollendam 110292 118036,Gaslek op Loodsweg in Westknollendam,2023-12-01,12:56:15
politie,aanrijding letsel n18 re - westerval enschede 762596,Politie naar Westerval in Enschede voor ongeval met letsel,2023-12-01,13:24:35
politie,"3 dier in problemen n217,1 oud-beijerland icnum 646733",Politie naar N217 in Oud-Beijerland,2023-12-01,13:23:09
politie,svp contact mka,Politie  voor contact met de meldkamer opnemen,2023-12-01,13:20:10
politie,3 dier in problemen stougjesdijk oud-beijerland icnum 646718,Geen beschrijving beschikbaar,2023-12-01,13:17:12
politie,1 ongeval wegvervoer letsel struytse hoeck hellevoetsluis icnum 646706,Politie naar Struytse Hoeck in Hellevoetsluis voor ongeval met letsel,2023-12-01,13:17:03
politie,2 loslopende dieren boomgaardsstraat rotterdam icnum 646713,Politie naar Boomgaardsstraat in Rotterdam,2023-12-01,13:14:55
politie,2 ongeval wegvervoer materieel overwegwachter rotterdam icnum 646683,Politie naar Overwegwachter in Rotterdam voor Ongeval Wegvervoer Materieel,2023-12-01,13:01:57
politie,aanrijding letsel sweelincklaan a.c.verhoefweg nieuwegein,Politie naar A.C.Verhoefweg in Nieuwegein voor ongeval met letsel,2023-12-01,13:01:53
politie,"mnl utr, graag contact oc utrecht, cluster stad",Politie naar Utrecht,2023-12-01,13:01:52
politie,prio 1 kazerne leiden noord b&v schipholweg leiden ongeval wegvervoer letsel,Geen beschrijving beschikbaar,2023-12-01,13:00:22
politie,aanrijding letsel vinkenbaan geelgorsstraat amersfoort,Politie naar Vinkenbaan in Amersfoort voor ongeval met letsel,2023-12-01,12:54:29
trauma,a1 mmt 13991 sportpark rijnvliet utrecht 108164 regio 09,Traumaheli naar Sportpark Rijnvliet in Utrecht,2023-12-01,13:19:44
brandweer,p 2 bdh-01 wateroverlast binnen amerongenstraat 's-gravenhage 157770,Geen beschrijving beschikbaar,2023-12-01,13:50:39
brandweer,p 2 bmd-01 wateroverlast amsterdamsepoort muiden 141431,Wateroverlast op Amsterdamsepoort in Muiden,2023-12-01,13:48:44
brandweer,p 2 bdh-04 buitensluiting van koppenweg naaldwijk 156630,Brandweer met gepaste spoed naar Van Koppenweg in Naaldwijk,2023-12-01,13:46:05
brandweer,p 1 ongeval wegvervoer letsel ortler amsterdam,Ongeval met letsel op Ortler in Amsterdam,2023-12-01,13:44:22
brandweer,p 2 bad-03 brandgerucht betreft: oms evos amsterdam west westpoortweg amsterdam 138861 138831,Brandgerucht op Westpoortweg in Amsterdam,2023-12-01,13:40:29
brandweer,p 2 bon-01 hv overig gaslekkage buiten stationsweg haarle 042633,Gaslek op Stationsweg in Haarle,2023-12-01,13:39:52
brandweer,p 1 440791 letsel burgemeester schneiderlaan roosendaal,Ongeval met letsel op Burgemeester Schneiderlaan in Roosendaal,2023-12-01,13:38:31
brandweer,p 1 brt-01 ongeval wegvervoer noordendijk dordrecht 189492 186632 186532,Ongeval op Noordendijk in Dordrecht,2023-12-01,13:37:16
brandweer,p 2 bob-02 liftopsluiting hertog hendrik van brabantplein eindhoven 222332,Assistentie bij liftopsluiting op Hertog Hendrik van Brabantplein in Eindhoven,2023-12-01,13:37:03
brandweer,p 2 bdh-01 wateroverlast binnen amerongenstraat 's-gravenhage 157730,Wateroverlast op Amerongenstraat in Den Haag,2023-12-01,13:34:02
brandweer,p 1 bad-02 ass. ambu deur openen barcelonaplein amsterdam 133131,Brandweer met spoed naar Barcelonaplein in Amsterdam,2023-12-01,13:32:34
brandweer,p 3 bon-07 wateroverlast kanaalstraat apeldoorn 062631,Wateroverlast op Kanaalstraat in Apeldoorn,2023-12-01,13:31:48
brandweer,p 5 bdh-06 testmelding kazerne loosduinen dedemsvaartweg 's-gravenhage 157730,Brandweer naar Dedemsvaartweg in Den Haag  test/oefening,2023-12-01,13:29:27
brandweer,p 2 bad-01 ass. ambu afhijsen postjeskade amsterdam 132651 132631,Assistentie ambulance voor afhijsen patiënt op Postjeskade in Amsterdam,2023-12-01,13:29:03
brandweer,p 1 440768 letsel oeralweg stappegoorweg oeralweg tilburg,Ongeval met letsel op Oeralweg in Tilburg,2023-12-01,13:27:52
brandweer,p 1 blb-02 ongeval gaslekkage buiten van galenhof geleen 243591 244631,Gaslek op Van Galenhof in Geleen,2023-12-01,13:27:26
brandweer,p 2 br gerucht leerhotel het klooster daam fockemalaan amersfoort 090133,Brandgerucht op Daam Fockemalaan in Amersfoort,2023-12-01,13:27:01
brandweer,p 1 bdh-05 stank/hind. lucht gaslucht buiten ovd-b van bleiswijkstraat 's-gravenhage 159591,Gaslucht op Van Bleiswijkstraat in Den Haag,2023-12-01,13:26:31
politie,"aanrijding letsel a28 li 90,6 hattem 762682",Politie naar A28 in Hattem voor ongeval met letsel,2023-12-01,13:47:20
politie,1 ongeval wegvervoer letsel noordendijk dordrecht icnum 646763,Geen beschrijving beschikbaar,2023-12-01,13:36:37
politie,aanrijding letsel a50 li - kp ewijk ewijk 762625,Politie naar A50 in Ewijk voor ongeval met letsel,2023-12-01,13:34:08
trauma,a2 dia: ja ambu 17992 dudokplein 1971ep ijmuiden ijmdn bon 169412,Traumaheli naar 1971EP,2023-12-01,13:41:11
brandweer,p 1 brt-05 oms beheerssysteem houwelingen klappolder bleiswijk 170831,Automatisch brandalarm op Klappolder in Bleiswijk,2023-12-01,14:10:57
brandweer,p 2 brt-03 stank/hind. lucht burgemeester aalberslaan krimpen aan den ijssel 171131,Brandweer met gepaste spoed naar Burgemeester Aalberslaan in Krimpen Aan Den Ijssel,2023-12-01,14:07:35
brandweer,p 2 bzb-01 liftopsluiting hag gilze lange wagenstraat lange wagenstraat gilze 209432,Assistentie bij liftopsluiting op Lange Wagenstraat in Gilze,2023-12-01,14:07:22
brandweer,p 2 bzb-01 liftopsluiting hag gilze lange wagenstraat lange wagenstraat gilze 207431,Assistentie bij liftopsluiting op Lange Wagenstraat in Gilze,2023-12-01,14:06:03
brandweer,p 1 ongeval wegvervoer letsel dolingadreef amsterdam,Ongeval met letsel op Dolingadreef in Amsterdam,2023-12-01,14:05:48
brandweer,p 1 bon-02 ass. ambu tilassistentie de wiltstraat arnhem 079035,Assistentie ambulance op De Wiltstraat in Arnhem,2023-12-01,14:05:24
brandweer,p 1 brt-05 oms beheerssysteem houwelingen klappolder bleiswijk 179101 155330 179192,Automatisch brandalarm op Klappolder in Bleiswijk,2023-12-01,14:05:16
brandweer,p 1 bnn-01 br woning venekamp zuidwolde dr 039067 038993 039034,Woningbrand op Venekamp in Zuidwolde,2023-12-01,14:03:18
brandweer,p 1 bmd-02 reanimatie slangekruid huizen 147053,Assistentie bij reanimatie op Slangekruid in Huizen,2023-12-01,14:01:52
brandweer,p 2 dier op hoogte einsteindreef utrecht 094852,Brandweer met gepaste spoed naar Einsteindreef in Utrecht,2023-12-01,14:01:07
brandweer,p 2 brt-03 stank/hind. lucht burgemeester aalberslaan krimpen aan den ijssel 171231,Geen beschrijving beschikbaar,2023-12-01,14:00:50
brandweer,p 1 bnh-01 stank/hind. lucht gaslucht binnen oosterweg bergen nh 104131,Gaslucht op Oosterweg in Bergen,2023-12-01,14:00:05
brandweer,p 1 bnh-01 stank/hind. lucht gaslucht binnen oosterweg bergen nh 106545,Gaslucht op Oosterweg in Bergen,2023-12-01,14:00:05
brandweer,p 2 bad-04 kleine ibgs stank/hind. lucht meting van neckstraat amsterdam 133331,Brandweer met gepaste spoed naar Van Neckstraat in Amsterdam,2023-12-01,13:58:48
brandweer,p 2 wateroverlast ovd-b lijnbaan maassluis,Geen beschrijving beschikbaar,2023-12-01,13:58:40
brandweer,p 2 bdh-06 co-melder schrijnwerkersgaarde 's-gravenhage 157630,Brandweer met gepaste spoed naar Schrijnwerkersgaarde in Den Haag,2023-12-01,13:55:01
brandweer,p 1 ongeval wegvervoer noordendijk dordrecht,Ongeval op Noordendijk in Dordrecht,2023-12-01,13:54:50
brandweer,p 2 uitval nutsvoorz. elektriciteit kruisboogstraat haaren,Geen beschrijving beschikbaar,2023-12-01,13:53:33
brandweer,p 1 bmd-02 reanimatie slangekruid huizen 141342,Assistentie bij reanimatie op Slangekruid in Huizen,2023-12-01,13:53:29
politie,graag contact oc on 713,Politie,2023-12-01,14:00:25
politie,svp contact mka,Politie  voor contact met de meldkamer opnemen,2023-12-01,13:56:44
politie,1 ongeval wegvervoer letsel debijeweg rotterdam icnum 646801,Geen beschrijving beschikbaar,2023-12-01,13:56:24
trauma,a1 ambu 08993 dia arnhem rit 318613,Traumaheli naar Arnhem,2023-12-01,14:00:48
brandweer,p 1 bon-03 hv weg letsel beusichemsedijk culemborg 086271,Ongeval met letsel op Beusichemsedijk in Culemborg,2023-12-01,14:25:41
brandweer,p 1 bon-03 hv weg letsel beusichemsedijk culemborg 087131 089094,Ongeval met letsel op Beusichemsedijk in Culemborg,2023-12-01,14:25:41
brandweer,p 1 bon-03 hv weg letsel beusichemsedijk culemborg 087331,Ongeval met letsel op Beusichemsedijk in Culemborg,2023-12-01,14:21:07
brandweer,"prio 4 a12 li 24,6 waddxv ongeval wegvervoer materieel",Brandweer naar A12 in Waddinxveen voor Ongeval Wegvervoer Materieel rijksweg a12,2023-12-01,14:20:33
brandweer,p 2 lvo voorzorg lvo cat.: klein sportvliegtuig poort 18 \ ugs a airport arlandabaan platformzijde rotterdam,Brandweer met gepaste spoed naar Arlandabaan in Rotterdam,2023-12-01,14:19:43
brandweer,p 1 bon-03 hv weg letsel beusichemsedijk culemborg 08w1 089094,Ongeval met letsel op Beusichemsedijk in Culemborg,2023-12-01,14:19:34
brandweer,p 2 brt-08 lvo voorzorg lvo cat.: klein sportvliegtuig poort 18 ugs a airport arlandabaan platformzijde rotterdam 179094 179981,Brandweer met gepaste spoed naar Arlandabaan in Rotterdam,2023-12-01,14:19:00
brandweer,p 1 brt-09 stank/hind. lucht gaslucht westererf rozenburg zh 171931 179195,Gaslucht op Westererf in Rozenburg,2023-12-01,14:18:35
brandweer,p 2 bnn-01 br woning venekamp zuidwolde dr,Woningbrand in Zuidwolde,2023-12-01,14:17:53
brandweer,p 1 brt-04 oms handmelder de lindonk rotterdamseweg zwijndrecht 186331,Automatisch brandalarm (handmelder) op Rotterdamseweg in Zwijndrecht,2023-12-01,14:17:18
brandweer,"prio 4 a4 li 36,4 leiden wegverkeer verkeersstremming soort stremming: pechgeval",Brandweer naar A4 in Leiden,2023-12-01,14:14:59
brandweer,test herstel,Geen beschrijving beschikbaar,2023-12-01,14:14:38
brandweer,p 2 brt-07 oms brandmelding vve koningin wilhelminahaven koningin wilhelminaha vlaardingen 179231,Automatisch brandalarm in Vlaardingen,2023-12-01,14:14:29
brandweer,test 0,Brandweer   test/oefening,2023-12-01,14:14:12
brandweer,p 2 brt-06 br buiten oosthavendijk sommelsdijk 174331,Buitenbrand in Sommelsdijk,2023-12-01,14:12:37
politie,2 ongeval wegvervoer materieel gordelweg rotterdam icnum 646885,Geen beschrijving beschikbaar,2023-12-01,14:26:25
politie,aanrijding letsel buitenhof het loo almelo 762794,Politie naar Buitenhof in Almelo voor ongeval met letsel,2023-12-01,14:25:07
politie,3 dier in problemen oud-beijerland icnum 646865,Politie naar Oud-Beijerland,2023-12-01,14:22:46
politie,3 dier in problemen n217 - kwakscheweg oud-beijerland icnum 646866,Politie naar Kwakscheweg in Oud-Beijerland,2023-12-01,14:21:16
politie,1 ongeval wegvervoer letsel statenweg rotterdam icnum 646849,Politie naar Statenweg in Rotterdam voor ongeval met letsel,2023-12-01,14:21:07
politie,aanrijding letsel beusichemsedijk culemborg 762781,Geen beschrijving beschikbaar,2023-12-01,14:19:09
politie,1 voorzorg arlandabaan platformzijde rotterdam icnum 646823,Politie naar Arlandabaan in Rotterdam,2023-12-01,14:17:01
politie,4 afgevallen lading abram van rijckevorselweg capelle aan den ijss icnum 646847,Politie,2023-12-01,14:13:54
politie,ongeval/wegvervoer/letsel prio 1 groningen ubbo emmiussingel,Ongeval met letsel op Ubbo Emmiussingel in Groningen,2023-12-01,14:12:07
brandweer,p 2 bon-02 wateroverlast de wilmskamp hengelo 051131,Wateroverlast op de Wilmskamp in Hengelo,2023-12-01,14:36:21
brandweer,p 1 brt-01 test test br buiten kazerne groene tuin rotterdam 170331,Buitenbrand op Groene tuin in Rotterdam,2023-12-01,14:35:55
brandweer,p 2 bdh-01 oms brandmelding mentor medical systems bv mendelweg leiden 164230,Automatisch brandalarm op Mendelweg in Leiden,2023-12-01,14:32:14
brandweer,p 2 bdh-05 stank/hind. lucht gaslucht buiten van bleiswijkstraat 's-gravenhage 157150,Gaslucht op Van Bleiswijkstraat in Den Haag,2023-12-01,14:31:22
brandweer,p 2 bdh-01 oms brandmelding mentor medical systems bv mendelweg leiden 164130,Automatisch brandalarm op Mendelweg in Leiden,2023-12-01,14:30:22
brandweer,"p 1 440868 letsel a16 li 55,7 prinsenbeek",Ongeval met letsel op A16 in Prinsenbeek,2023-12-01,14:29:57
brandweer,p 1 bad-01 stank/hind. lucht gaslucht binnen motorwal amsterdam 133131,Gaslucht op Motorwal in Amsterdam,2023-12-01,14:29:24
brandweer,"p 1 440869 letsel a16 li 55,7 prinsenbeek",Geen beschrijving beschikbaar,2023-12-01,14:28:25
politie,graag contact meldkamer politie 819,Politie,2023-12-01,14:34:01
politie,graag contact oc apeldoorn 805,Politie naar Apeldoorn,2023-12-01,14:29:04
brandweer,p 1 brt-01 br wegvervoer auto jan hudigstraat rotterdam 171131,Geen beschrijving beschikbaar,2023-12-01,14:42:17
brandweer,p 1 stank/hind. lucht gaslucht westererf rozenburg zh,Gaslucht op Westererf in Rozenburg,2023-12-01,14:40:25
politie,ongeval/wegvervoer/letsel prio 1 leeuwarden archipelweg robert kochstraat,Ongeval met letsel op Archipelweg in Leeuwarden,2023-12-01,14:38:35
trauma,a1 dia 13991 laurier hoogkarspel 108204 regio 10,Traumaheli naar Laurier in Hoogkarspel,2023-12-01,14:39:52
brandweer,p 2 bon-02 wateroverlast de wilmskamp hengelo 051171,Wateroverlast op de Wilmskamp in Hengelo,2023-12-01,14:58:37
brandweer,p 1 bnn-02 ass. ambu afhijsen timorstraat groningen 011850 011832,Assistentie ambulance voor afhijsen patiënt op Timorstraat in Groningen,2023-12-01,14:56:45
brandweer,p 2 bob-01 stank/hind. lucht gaslucht binnen wulfinghstraat 's-hertogenbosch 212031,Gaslucht op Wulfinghstraat in Den Bosch,2023-12-01,14:55:09
brandweer,p 2 bdh-02 dier in problemen annelien kappeynestraat leiden 164230,Dier in problemen op Annelien Kappeynestraat in Leiden,2023-12-01,14:53:50
politie,"1 ongeval wegvervoer letsel a20 li 37,0 rotterdam icnum 646935",Politie naar A20 in Rotterdam voor ongeval met letsel,2023-12-01,14:59:29
politie,aanrijding letsel burgemeester van engelenweg ijsselmuiden 762877,Politie naar Burgemeester van Engelenweg in Ijsselmuiden voor ongeval met letsel,2023-12-01,14:59:18
politie,"1 ongeval wegvervoer letsel a20 li 37,1 rotterdam icnum 646939",Politie naar A20 in Rotterdam voor ongeval met letsel,2023-12-01,14:55:45
politie,graag telefonisch contact cellengang zwolle,Politie naar Zwolle,2023-12-01,14:55:05
politie,"2 ongeval wegvervoer materieel a20 li 37,5 rotterdam icnum 646936",Politie naar A20 in Rotterdam voor Ongeval Wegvervoer Materieel,2023-12-01,14:54:18
politie,graag contact oc apeldoorn gms nr 847,Politie naar Apeldoorn,2023-12-01,14:50:01
brandweer,p 1 440948 letsel gastelseweg kruisland,Ongeval met letsel op Gastelseweg in Kruisland,2023-12-01,15:19:35
brandweer,p 2 bdh-05 grip 1 stank/hind. lucht gaslucht buiten van bleiswijkstraat saoudi arabie 's-gravenhage 157230,Geen beschrijving beschikbaar,2023-12-01,15:18:56
brandweer,p 2 bnh-02 oms handmelder winkelcentrum vier meren burgemeester van stamplein hoofddorp 124230,Automatisch brandalarm (handmelder) op Burgemeester van Stamplein in Hoofddorp,2023-12-01,15:18:35
brandweer,p 2 bdh-03 brandgerucht parkeergarage meelfabriek oosterkerkstraat leiden 164130,Brandgerucht op Oosterkerkstraat in Leiden,2023-12-01,15:17:52
brandweer,p 2 bnn-03 ass. ambu afhijsen benthem reddingiusstraat assen 038250 038231,Geen beschrijving beschikbaar,2023-12-01,15:16:24
brandweer,graag tel. contact hovd-oost,Geen beschrijving beschikbaar,2023-12-01,15:13:51
brandweer,p 1 brt-01 br woning kleine beerstraat dordrecht 189492 186651 186632 186532,Woningbrand op Kleine Beerstraat in Dordrecht,2023-12-01,15:12:11
brandweer,p 1 bzb-01 stank/hind. lucht gaslucht binnen kruidenlaan tilburg 209432,Gaslucht op Kruidenlaan in Tilburg,2023-12-01,15:09:14
brandweer,p 2 bob-02 brandgerucht auberge nassau wilhelminaplein eindhoven 222331,Brandgerucht op Wilhelminaplein in Eindhoven,2023-12-01,15:08:13
brandweer,p 1 bdh-02 ass. ambu afhijsen beukenlaan 's-gravenzande 156450 156530,Assistentie ambulance voor afhijsen patiënt op Beukenlaan in 'S-Gravenzande,2023-12-01,15:07:55
brandweer,"prio 4 a4 li - leidschendam 8 44,4 n sgravh ongeval wegvervoer materieel",Brandweer naar A4 in Den Haag voor Ongeval Wegvervoer Materieel,2023-12-01,15:06:29
brandweer,testmelding bzb-01 br buiten koning haakonstraat moerdijk 201561,Geen beschrijving beschikbaar,2023-12-01,15:05:50
brandweer,p 2 brt-02 grip 1 wateroverlast ovd-b lijnbaan maassluis 179021 179098 179091 179094 179995 179981 179991 179993 178793 179998 179996,Wateroverlast op Lijnbaan in Maassluis,2023-12-01,15:05:20
brandweer,het scenario alarmeren hgmk is geactiveerd. zie de app of sms voor meer info.,Brandweer met spoed naar Meerlo,2023-12-01,15:05:19
brandweer,p 2 dier te water oud reeuwijkseweg reeuwijkse randweg reeuwijk,Dier te water op Oud Reeuwijkseweg in Reeuwijk,2023-12-01,15:05:07
brandweer,p 2 grip 1 wateroverlast ovd-b lijnbaan maassluis,Wateroverlast op Lijnbaan in Maassluis,2023-12-01,15:04:30
brandweer,p 2 bnh-01 brandgerucht driehuizen driehuizen,Brandgerucht op Driehuizen in Driehuizen,2023-12-01,15:04:20
brandweer,p 1 bnh-20 oms brandmelding g pier rinse hofstraweg schiphol 129230,Automatisch brandalarm op Rinse Hofstraweg in Schiphol,2023-12-01,15:02:05
brandweer,p 1 bdh-05 grip 1 stank/hind. lucht gaslucht buiten van bleiswijkstraat saoudi arabie 's-gravenhage 156699 156680 159595 159891 159599,Gaslucht op Van Bleiswijkstraat in Den Haag,2023-12-01,14:58:52
brandweer,er staat een bericht voor u klaar. check uw diensttelefoon!,Brandweer,2023-12-01,14:58:51
politie,1 ongeval wegvervoer letsel stadhoudersplein rotterdam icnum 646978,Politie naar Stadhoudersplein in Rotterdam voor ongeval met letsel,2023-12-01,15:14:24
politie,"aanrijding letsel n798 - nijkerkerstraat,5 putten 762878",Politie naar Nijkerkerstraat in Putten voor ongeval met letsel,2023-12-01,15:12:09
politie,2 ongeval wegvervoer materieel jacob van campenplein rotterdam icnum 646955,Politie naar Jacob van Campenplein in Rotterdam voor Ongeval Wegvervoer Materieel,2023-12-01,15:06:56
politie,3 wateroverlast lijnbaan maassluis icnum 646659,Politie naar Lijnbaan in Maassluis voor wateroverlast,2023-12-01,15:04:30
trauma,a1 ambu 08993 winterswijk,Traumaheli naar Winterswijk,2023-12-01,15:09:55
brandweer,"prio 4 a4 li 59,3 schild ongeval wegvervoer materieel",Brandweer naar A4 in Schipluiden voor Ongeval Wegvervoer Materieel,2023-12-01,15:28:03
brandweer,p 1 bzb-02 middel hv hv weg letsel thv: licht gastelseweg kruisland 201234,Ongeval met letsel op Gastelseweg in Kruisland,2023-12-01,15:27:14
brandweer,p 2 bdh-04 stank/hind. lucht binnen ipse de bruggen stephensonstraat zoetermeer 155230,Brandweer met gepaste spoed naar Stephensonstraat in Zoetermeer,2023-12-01,15:27:03
brandweer,p 1 bzb-02 hv weg letsel gastelseweg kruisland 201371,Ongeval met letsel op Gastelseweg in Kruisland,2023-12-01,15:25:52
brandweer,gaarne contact mkb.,Geen beschrijving beschikbaar,2023-12-01,15:24:05
brandweer,p 2 bnn-04 wateroverlast cafe de buren schans lemmer 026632,Wateroverlast op Schans in Lemmer,2023-12-01,15:23:44
brandweer,p 1 bzb-02 hv weg letsel gastelseweg kruisland 201092 201632,Ongeval met letsel op Gastelseweg in Kruisland,2023-12-01,15:20:14
politie,aanrijding letsel hoofdstraat park seminarie driebergen-rijsenburg,Politie naar Hoofdstraat in Driebergen-Rijsenburg voor ongeval met letsel,2023-12-01,15:26:24
politie,ongeval wegvervoer letsel orpheuslaan amazonenlaan eindhoven,Politie naar Orpheuslaan in Eindhoven voor ongeval met letsel,2023-12-01,15:25:05
politie,1 ongeval wegvervoer letsel charloisse lagedijk rotterdam icnum 647000,Politie naar Charloisse Lagedijk in Rotterdam voor ongeval met letsel,2023-12-01,15:23:32
politie,2 ongeval wegvervoer materieel stadhoudersweg rotterdam icnum 646986,Politie naar Stadhoudersweg in Rotterdam voor Ongeval Wegvervoer Materieel,2023-12-01,15:19:16
trauma,a1 ambu 17992 gastelseweg kruisland kruisl bon 169484,Traumaheli,2023-12-01,15:23:37
brandweer,p 2 bzb-03 dier op hoogte grevelingenhout bruinisse 192859,Brandweer met gepaste spoed naar Grevelingenhout in Bruinisse,2023-12-01,15:41:10
brandweer,p 1 bnh-03 reanimatie afhijsen wollegrasweg bergen nh 104151 106545,Assistentie bij reanimatie op Wollegrasweg in Bergen,2023-12-01,15:39:12
brandweer,p 2 bob-01 dienstverlening tilassistentie wingerd geldrop 222541,Assistentie ambulance op Wingerd in Geldrop,2023-12-01,15:37:37
brandweer,p 2 bob-02 br buiten meanderlaan helmond 223231,Buitenbrand op Meanderlaan in Helmond,2023-12-01,15:37:07
brandweer,p 1 brt-03 oms beheerssysteem renewi kreekweg vlaardingen 179101 179231 179193,Geen beschrijving beschikbaar,2023-12-01,15:36:37
brandweer,sms/app sbb mirg,Brandweer,2023-12-01,15:36:35
brandweer,"prio 5 afrit a4 li - den haag-zuid 12 53,2 c denhzh wegverkeer verkeersstremming soort stremming: pechgeval",Brandweer voor oefening naar A4 in Den Hoorn,2023-12-01,15:35:30
brandweer,p 2 bzb-01 oms brandmelding gemeente tilburg1 schans 123 de schans tilburg 209432,Automatisch brandalarm op De Schans in Tilburg,2023-12-01,15:33:49
politie,prio 1 sperwersingel torenvalklaan sgravh ongeval wegvervoer letsel,Ongeval met letsel op Sperwersingel in Den Haag,2023-12-01,15:38:46
politie,prio 1 dobbelaan burgemeester kolfschotenlaan leiddm ongeval wegvervoer letsel,Ongeval met letsel op Dobbelaan in Leidschendam,2023-12-01,15:32:35
politie,prio 1 burgemeester kolfschotenlaan burgemeester velthuij leiddm ongeval wegvervoer letsel,Ongeval met letsel op Burgemeester Kolfschotenlaan in Leidschendam,2023-12-01,15:32:35
brandweer,p 2 bzb-01 br gerucht mill hillplein roosendaal 201331,Brandgerucht op Mill Hillplein in Roosendaal,2023-12-01,15:49:40
brandweer,"prio 4 a4 re 57,6 schild wegverkeer verkeersstremming soort stremming: pechgeval",Brandweer naar A4 in Schipluiden,2023-12-01,15:48:22
brandweer,"prio 4 a13 re 10,3 delft ongeval wegvervoer materieel",Brandweer naar A13 in Delft voor Ongeval Wegvervoer Materieel,2023-12-01,15:48:12
brandweer,p 2 bon-01 dier te water 1e weteringsewal elst ge 074231,Dier te water op 1e Weteringsewal in Elst,2023-12-01,15:45:38
brandweer,p 2 bmd-01 dv aan derden deur openen school de driesprong pauwenburg lelystad 255131,Brandweer met gepaste spoed naar Pauwenburg in Lelystad,2023-12-01,15:44:18
brandweer,p 2 bnh-04 contact mkb ac-b veiligheidsregio kennemerland zijlweg haarlem 121296,Brandweer met gepaste spoed naar Zijlweg in Haarlem,2023-12-01,15:42:07
politie,"prio 1 a13 re 10,2 delft ongeval wegvervoer letsel",Ongeval met letsel op A13 in Delft,2023-12-01,15:48:22
politie,1 ongeval wegvervoer letsel nieuwe tiendweg krimpen aan den ijss icnum 647059,Politie naar Nieuwe Tiendweg in Krimpen Aan Den Ijssel voor ongeval met letsel,2023-12-01,15:44:20
